Time_ns,Coherence,Sigma_x,Sigma_y,Sigma_z,Threshold
0.0,1.0,1.0,0.0,0.0,0.367879
0.2002,0.979199,0.979199,0.0,0.002,0.367879
0.4004,0.95883,0.95883,0.0,0.003996,0.367879
0.6006,0.938885,0.938885,0.0,0.005988,0.367879
0.8008,0.919354,0.919354,0.0,0.007976,0.367879
1.001,0.90023,0.90023,0.0,0.00996,0.367879
1.2012,0.881504,0.881504,0.0,0.01194,0.367879
1.4014,0.863168,0.863168,0.0,0.013916,0.367879
1.6016,0.845212,0.845212,0.0,0.015888,0.367879
1.8018,0.827631,0.827631,0.0,0.017857,0.367879
2.002,0.810415,0.810415,0.0,0.019821,0.367879
2.2022,0.793557,0.793557,0.0,0.021781,0.367879
2.4024,0.777049,0.777049,0.0,0.023738,0.367879
2.6026,0.760885,0.760885,0.0,0.02569,0.367879
2.8028,0.745058,0.745058,0.0,0.027639,0.367879
3.003,0.729559,0.729559,0.0,0.029584,0.367879
3.2032,0.714383,0.714383,0.0,0.031524,0.367879
3.4034,0.699523,0.699523,0.0,0.033461,0.367879
3.6036,0.684972,0.684972,0.0,0.035394,0.367879
3.8038,0.670723,0.670723,0.0,0.037324,0.367879
4.004,0.656771,0.656771,0.0,0.039249,0.367879
4.2042,0.643109,0.643109,0.0,0.041171,0.367879
4.4044,0.629731,0.629731,0.0,0.043088,0.367879
4.6046,0.616632,0.616632,0.0,0.045002,0.367879
4.8048,0.603805,0.603805,0.0,0.046912,0.367879
5.005,0.591245,0.591245,0.0,0.048818,0.367879
5.2052,0.578946,0.578946,0.0,0.050721,0.367879
5.4054,0.566903,0.566903,0.0,0.052619,0.367879
5.6056,0.555111,0.555111,0.0,0.054514,0.367879
5.8058,0.543563,0.543563,0.0,0.056405,0.367879
6.006,0.532256,0.532256,0.0,0.058292,0.367879
6.2062,0.521185,0.521185,0.0,0.060175,0.367879
6.4064,0.510343,0.510343,0.0,0.062055,0.367879
6.6066,0.499727,0.499727,0.0,0.063931,0.367879
6.8068,0.489332,0.489332,0.0,0.065803,0.367879
7.007,0.479153,0.479153,0.0,0.067672,0.367879
7.2072,0.469186,0.469186,0.0,0.069536,0.367879
7.4074,0.459426,0.459426,0.0,0.071397,0.367879
7.6076,0.449869,0.449869,0.0,0.073254,0.367879
7.8078,0.440511,0.440511,0.0,0.075108,0.367879
8.008,0.431348,0.431348,0.0,0.076958,0.367879
8.2082,0.422375,0.422375,0.0,0.078804,0.367879
8.4084,0.413589,0.413589,0.0,0.080646,0.367879
8.6086,0.404986,0.404986,0.0,0.082485,0.367879
8.8088,0.396562,0.396562,0.0,0.08432,0.367879
9.009,0.388312,0.388312,0.0,0.086151,0.367879
9.2092,0.380235,0.380235,0.0,0.087979,0.367879
9.4094,0.372325,0.372325,0.0,0.089803,0.367879
9.6096,0.36458,0.36458,0.0,0.091623,0.367879
9.8098,0.356997,0.356997,0.0,0.09344,0.367879
10.01,0.349571,0.349571,0.0,0.095253,0.367879
10.2102,0.342299,0.342299,0.0,0.097063,0.367879
10.4104,0.335179,0.335179,0.0,0.098869,0.367879
10.6106,0.328206,0.328206,0.0,0.100671,0.367879
10.8108,0.321379,0.321379,0.0,0.102469,0.367879
11.011,0.314694,0.314694,0.0,0.104264,0.367879
11.2112,0.308148,0.308148,0.0,0.106056,0.367879
11.4114,0.301738,0.301738,0.0,0.107844,0.367879
11.6116,0.295461,0.295461,0.0,0.109628,0.367879
11.8118,0.289315,0.289315,0.0,0.111409,0.367879
12.012,0.283297,0.283297,0.0,0.113186,0.367879
12.2122,0.277404,0.277404,0.0,0.11496,0.367879
12.4124,0.271633,0.271633,0.0,0.11673,0.367879
12.6126,0.265983,0.265983,0.0,0.118496,0.367879
12.8128,0.26045,0.26045,0.0,0.120259,0.367879
13.013,0.255032,0.255032,0.0,0.122019,0.367879
13.2132,0.249727,0.249727,0.0,0.123775,0.367879
13.4134,0.244533,0.244533,0.0,0.125527,0.367879
13.6136,0.239446,0.239446,0.0,0.127276,0.367879
13.8138,0.234465,0.234465,0.0,0.129022,0.367879
14.014,0.229588,0.229588,0.0,0.130764,0.367879
14.2142,0.224812,0.224812,0.0,0.132502,0.367879
14.4144,0.220136,0.220136,0.0,0.134237,0.367879
14.6146,0.215556,0.215556,0.0,0.135969,0.367879
14.8148,0.211073,0.211073,0.0,0.137697,0.367879
15.015,0.206682,0.206682,0.0,0.139421,0.367879
15.2152,0.202383,0.202383,0.0,0.141142,0.367879
15.4154,0.198173,0.198173,0.0,0.14286,0.367879
15.6156,0.19405,0.19405,0.0,0.144574,0.367879
15.8158,0.190014,0.190014,0.0,0.146285,0.367879
16.016,0.186061,0.186061,0.0,0.147993,0.367879
16.2162,0.182191,0.182191,0.0,0.149697,0.367879
16.4164,0.178401,0.178401,0.0,0.151397,0.367879
16.6166,0.17469,0.17469,0.0,0.153094,0.367879
16.8168,0.171056,0.171056,0.0,0.154788,0.367879
17.017,0.167498,0.167498,0.0,0.156479,0.367879
17.2172,0.164014,0.164014,0.0,0.158166,0.367879
17.4174,0.160602,0.160602,0.0,0.159849,0.367879
17.6176,0.157261,0.157261,0.0,0.16153,0.367879
17.8178,0.15399,0.15399,0.0,0.163207,0.367879
18.018,0.150787,0.150787,0.0,0.16488,0.367879
18.2182,0.14765,0.14765,0.0,0.166551,0.367879
18.4184,0.144579,0.144579,0.0,0.168217,0.367879
18.6186,0.141571,0.141571,0.0,0.169881,0.367879
18.8188,0.138626,0.138626,0.0,0.171541,0.367879
19.019,0.135743,0.135743,0.0,0.173198,0.367879
19.2192,0.132919,0.132919,0.0,0.174852,0.367879
19.4194,0.130154,0.130154,0.0,0.176502,0.367879
19.6196,0.127447,0.127447,0.0,0.178149,0.367879
19.8198,0.124796,0.124796,0.0,0.179793,0.367879
20.02,0.1222,0.1222,0.0,0.181433,0.367879
20.2202,0.119658,0.119658,0.0,0.18307,0.367879
20.4204,0.117169,0.117169,0.0,0.184704,0.367879
20.6206,0.114731,0.114731,0.0,0.186335,0.367879
20.8208,0.112345,0.112345,0.0,0.187962,0.367879
21.021,0.110008,0.110008,0.0,0.189586,0.367879
21.2212,0.107719,0.107719,0.0,0.191207,0.367879
21.4214,0.105479,0.105479,0.0,0.192825,0.367879
21.6216,0.103285,0.103285,0.0,0.194439,0.367879
21.8218,0.101136,0.101136,0.0,0.19605,0.367879
22.022,0.099032,0.099032,0.0,0.197658,0.367879
22.2222,0.096972,0.096972,0.0,0.199263,0.367879
22.4224,0.094955,0.094955,0.0,0.200864,0.367879
22.6226,0.09298,0.09298,0.0,0.202462,0.367879
22.8228,0.091046,0.091046,0.0,0.204057,0.367879
23.023,0.089152,0.089152,0.0,0.205649,0.367879
23.2232,0.087297,0.087297,0.0,0.207238,0.367879
23.4234,0.085482,0.085482,0.0,0.208824,0.367879
23.6236,0.083703,0.083703,0.0,0.210406,0.367879
23.8238,0.081962,0.081962,0.0,0.211985,0.367879
24.024,0.080257,0.080257,0.0,0.213561,0.367879
24.2242,0.078588,0.078588,0.0,0.215134,0.367879
24.4244,0.076953,0.076953,0.0,0.216704,0.367879
24.6246,0.075352,0.075352,0.0,0.21827,0.367879
24.8248,0.073785,0.073785,0.0,0.219834,0.367879
25.025,0.07225,0.07225,0.0,0.221394,0.367879
25.2252,0.070747,0.070747,0.0,0.222951,0.367879
25.4254,0.069275,0.069275,0.0,0.224505,0.367879
25.6256,0.067834,0.067834,0.0,0.226056,0.367879
25.8258,0.066423,0.066423,0.0,0.227604,0.367879
26.026,0.065042,0.065042,0.0,0.229149,0.367879
26.2262,0.063689,0.063689,0.0,0.230691,0.367879
26.4264,0.062364,0.062364,0.0,0.232229,0.367879
26.6266,0.061067,0.061067,0.0,0.233765,0.367879
26.8268,0.059796,0.059796,0.0,0.235297,0.367879
27.027,0.058552,0.058552,0.0,0.236827,0.367879
27.2272,0.057334,0.057334,0.0,0.238353,0.367879
27.4274,0.056142,0.056142,0.0,0.239876,0.367879
27.6276,0.054974,0.054974,0.0,0.241397,0.367879
27.8278,0.05383,0.05383,0.0,0.242914,0.367879
28.028,0.052711,0.052711,0.0,0.244428,0.367879
28.2282,0.051614,0.051614,0.0,0.245939,0.367879
28.4284,0.050541,0.050541,0.0,0.247447,0.367879
28.6286,0.049489,0.049489,0.0,0.248952,0.367879
28.8288,0.04846,0.04846,0.0,0.250455,0.367879
29.029,0.047452,0.047452,0.0,0.251954,0.367879
29.2292,0.046465,0.046465,0.0,0.25345,0.367879
29.4294,0.045498,0.045498,0.0,0.254943,0.367879
29.6296,0.044552,0.044552,0.0,0.256433,0.367879
29.8298,0.043625,0.043625,0.0,0.25792,0.367879
30.03,0.042718,0.042718,0.0,0.259404,0.367879
30.2302,0.041829,0.041829,0.0,0.260885,0.367879
30.4304,0.040959,0.040959,0.0,0.262364,0.367879
30.6306,0.040107,0.040107,0.0,0.263839,0.367879
30.8308,0.039273,0.039273,0.0,0.265311,0.367879
31.031,0.038456,0.038456,0.0,0.266781,0.367879
31.2312,0.037656,0.037656,0.0,0.268247,0.367879
31.4314,0.036872,0.036872,0.0,0.269711,0.367879
31.6316,0.036105,0.036105,0.0,0.271171,0.367879
31.8318,0.035354,0.035354,0.0,0.272629,0.367879
32.032,0.034619,0.034619,0.0,0.274084,0.367879
32.2322,0.033899,0.033899,0.0,0.275535,0.367879
32.4324,0.033194,0.033194,0.0,0.276984,0.367879
32.6326,0.032503,0.032503,0.0,0.27843,0.367879
32.8328,0.031827,0.031827,0.0,0.279873,0.367879
33.033,0.031165,0.031165,0.0,0.281314,0.367879
33.2332,0.030517,0.030517,0.0,0.282751,0.367879
33.4334,0.029882,0.029882,0.0,0.284186,0.367879
33.6336,0.02926,0.02926,0.0,0.285617,0.367879
33.8338,0.028652,0.028652,0.0,0.287046,0.367879
34.034,0.028056,0.028056,0.0,0.288472,0.367879
34.2342,0.027472,0.027472,0.0,0.289895,0.367879
34.4344,0.026901,0.026901,0.0,0.291315,0.367879
34.6346,0.026341,0.026341,0.0,0.292733,0.367879
34.8348,0.025793,0.025793,0.0,0.294147,0.367879
35.035,0.025257,0.025257,0.0,0.295559,0.367879
35.2352,0.024731,0.024731,0.0,0.296968,0.367879
35.4354,0.024217,0.024217,0.0,0.298374,0.367879
35.6356,0.023713,0.023713,0.0,0.299777,0.367879
35.8358,0.02322,0.02322,0.0,0.301177,0.367879
36.036,0.022737,0.022737,0.0,0.302575,0.367879
36.2362,0.022264,0.022264,0.0,0.30397,0.367879
36.4364,0.021801,0.021801,0.0,0.305362,0.367879
36.6366,0.021347,0.021347,0.0,0.306751,0.367879
36.8368,0.020903,0.020903,0.0,0.308138,0.367879
37.037,0.020468,0.020468,0.0,0.309521,0.367879
37.2372,0.020042,0.020042,0.0,0.310902,0.367879
37.4374,0.019626,0.019626,0.0,0.312281,0.367879
37.6376,0.019217,0.019217,0.0,0.313656,0.367879
37.8378,0.018818,0.018818,0.0,0.315029,0.367879
38.038,0.018426,0.018426,0.0,0.316399,0.367879
38.2382,0.018043,0.018043,0.0,0.317766,0.367879
38.4384,0.017668,0.017668,0.0,0.31913,0.367879
38.6386,0.0173,0.0173,0.0,0.320492,0.367879
38.8388,0.01694,0.01694,0.0,0.321851,0.367879
39.039,0.016588,0.016588,0.0,0.323207,0.367879
39.2392,0.016243,0.016243,0.0,0.324561,0.367879
39.4394,0.015905,0.015905,0.0,0.325912,0.367879
39.6396,0.015574,0.015574,0.0,0.32726,0.367879
39.8398,0.01525,0.01525,0.0,0.328606,0.367879
40.04,0.014933,0.014933,0.0,0.329948,0.367879
40.2402,0.014622,0.014622,0.0,0.331288,0.367879
40.4404,0.014318,0.014318,0.0,0.332626,0.367879
40.6406,0.01402,0.01402,0.0,0.333961,0.367879
40.8408,0.013729,0.013729,0.0,0.335293,0.367879
41.041,0.013443,0.013443,0.0,0.336622,0.367879
41.2412,0.013163,0.013163,0.0,0.337949,0.367879
41.4414,0.01289,0.01289,0.0,0.339273,0.367879
41.6416,0.012621,0.012621,0.0,0.340594,0.367879
41.8418,0.012359,0.012359,0.0,0.341913,0.367879
42.042,0.012102,0.012102,0.0,0.343229,0.367879
42.2422,0.01185,0.01185,0.0,0.344543,0.367879
42.4424,0.011604,0.011604,0.0,0.345854,0.367879
42.6426,0.011362,0.011362,0.0,0.347162,0.367879
42.8428,0.011126,0.011126,0.0,0.348468,0.367879
43.043,0.010894,0.010894,0.0,0.349771,0.367879
43.2432,0.010668,0.010668,0.0,0.351071,0.367879
43.4434,0.010446,0.010446,0.0,0.352369,0.367879
43.6436,0.010229,0.010229,0.0,0.353664,0.367879
43.8438,0.010016,0.010016,0.0,0.354957,0.367879
44.044,0.009807,0.009807,0.0,0.356247,0.367879
44.2442,0.009603,0.009603,0.0,0.357535,0.367879
44.4444,0.009404,0.009404,0.0,0.35882,0.367879
44.6446,0.009208,0.009208,0.0,0.360102,0.367879
44.8448,0.009017,0.009017,0.0,0.361382,0.367879
45.045,0.008829,0.008829,0.0,0.362659,0.367879
45.2452,0.008645,0.008645,0.0,0.363934,0.367879
45.4454,0.008465,0.008465,0.0,0.365206,0.367879
45.6456,0.008289,0.008289,0.0,0.366475,0.367879
45.8458,0.008117,0.008117,0.0,0.367742,0.367879
46.046,0.007948,0.007948,0.0,0.369007,0.367879
46.2462,0.007783,0.007783,0.0,0.370269,0.367879
46.4464,0.007621,0.007621,0.0,0.371528,0.367879
46.6466,0.007462,0.007462,0.0,0.372785,0.367879
46.8468,0.007307,0.007307,0.0,0.37404,0.367879
47.047,0.007155,0.007155,0.0,0.375292,0.367879
47.2472,0.007006,0.007006,0.0,0.376541,0.367879
47.4474,0.006861,0.006861,0.0,0.377788,0.367879
47.6476,0.006718,0.006718,0.0,0.379032,0.367879
47.8478,0.006578,0.006578,0.0,0.380274,0.367879
48.048,0.006441,0.006441,0.0,0.381514,0.367879
48.2482,0.006307,0.006307,0.0,0.382751,0.367879
48.4484,0.006176,0.006176,0.0,0.383985,0.367879
48.6486,0.006048,0.006048,0.0,0.385217,0.367879
48.8488,0.005922,0.005922,0.0,0.386447,0.367879
49.049,0.005799,0.005799,0.0,0.387674,0.367879
49.2492,0.005678,0.005678,0.0,0.388899,0.367879
49.4494,0.00556,0.00556,0.0,0.390121,0.367879
49.6496,0.005444,0.005444,0.0,0.391341,0.367879
49.8498,0.005331,0.005331,0.0,0.392558,0.367879
50.0501,0.00522,0.00522,0.0,0.393773,0.367879
50.2503,0.005112,0.005112,0.0,0.394985,0.367879
50.4505,0.005005,0.005005,0.0,0.396195,0.367879
50.6507,0.004901,0.004901,0.0,0.397403,0.367879
50.8509,0.004799,0.004799,0.0,0.398608,0.367879
51.0511,0.004699,0.004699,0.0,0.399811,0.367879
51.2513,0.004602,0.004602,0.0,0.401011,0.367879
51.4515,0.004506,0.004506,0.0,0.402209,0.367879
51.6517,0.004412,0.004412,0.0,0.403405,0.367879
51.8519,0.00432,0.00432,0.0,0.404598,0.367879
52.0521,0.00423,0.00423,0.0,0.405789,0.367879
52.2523,0.004142,0.004142,0.0,0.406977,0.367879
52.4525,0.004056,0.004056,0.0,0.408163,0.367879
52.6527,0.003972,0.003972,0.0,0.409347,0.367879
52.8529,0.003889,0.003889,0.0,0.410528,0.367879
53.0531,0.003808,0.003808,0.0,0.411707,0.367879
53.2533,0.003729,0.003729,0.0,0.412884,0.367879
53.4535,0.003652,0.003652,0.0,0.414058,0.367879
53.6537,0.003576,0.003576,0.0,0.41523,0.367879
53.8539,0.003501,0.003501,0.0,0.416399,0.367879
54.0541,0.003428,0.003428,0.0,0.417567,0.367879
54.2543,0.003357,0.003357,0.0,0.418732,0.367879
54.4545,0.003287,0.003287,0.0,0.419894,0.367879
54.6547,0.003219,0.003219,0.0,0.421054,0.367879
54.8549,0.003152,0.003152,0.0,0.422212,0.367879
55.0551,0.003086,0.003086,0.0,0.423368,0.367879
55.2553,0.003022,0.003022,0.0,0.424521,0.367879
55.4555,0.002959,0.002959,0.0,0.425672,0.367879
55.6557,0.002898,0.002898,0.0,0.426821,0.367879
55.8559,0.002837,0.002837,0.0,0.427967,0.367879
56.0561,0.002778,0.002778,0.0,0.429111,0.367879
56.2563,0.002721,0.002721,0.0,0.430253,0.367879
56.4565,0.002664,0.002664,0.0,0.431392,0.367879
56.6567,0.002609,0.002609,0.0,0.43253,0.367879
56.8569,0.002554,0.002554,0.0,0.433664,0.367879
57.0571,0.002501,0.002501,0.0,0.434797,0.367879
57.2573,0.002449,0.002449,0.0,0.435928,0.367879
57.4575,0.002398,0.002398,0.0,0.437056,0.367879
57.6577,0.002348,0.002348,0.0,0.438182,0.367879
57.8579,0.0023,0.0023,0.0,0.439305,0.367879
58.0581,0.002252,0.002252,0.0,0.440427,0.367879
58.2583,0.002205,0.002205,0.0,0.441546,0.367879
58.4585,0.002159,0.002159,0.0,0.442663,0.367879
58.6587,0.002114,0.002114,0.0,0.443777,0.367879
58.8589,0.00207,0.00207,0.0,0.44489,0.367879
59.0591,0.002027,0.002027,0.0,0.446,0.367879
59.2593,0.001985,0.001985,0.0,0.447108,0.367879
59.4595,0.001944,0.001944,0.0,0.448214,0.367879
59.6597,0.001903,0.001903,0.0,0.449317,0.367879
59.8599,0.001864,0.001864,0.0,0.450419,0.367879
60.0601,0.001825,0.001825,0.0,0.451518,0.367879
60.2603,0.001787,0.001787,0.0,0.452615,0.367879
60.4605,0.00175,0.00175,0.0,0.45371,0.367879
60.6607,0.001713,0.001713,0.0,0.454802,0.367879
60.8609,0.001678,0.001678,0.0,0.455893,0.367879
61.0611,0.001643,0.001643,0.0,0.456981,0.367879
61.2613,0.001609,0.001609,0.0,0.458067,0.367879
61.4615,0.001575,0.001575,0.0,0.459151,0.367879
61.6617,0.001542,0.001542,0.0,0.460232,0.367879
61.8619,0.00151,0.00151,0.0,0.461312,0.367879
62.0621,0.001479,0.001479,0.0,0.462389,0.367879
62.2623,0.001448,0.001448,0.0,0.463465,0.367879
62.4625,0.001418,0.001418,0.0,0.464538,0.367879
62.6627,0.001388,0.001388,0.0,0.465609,0.367879
62.8629,0.00136,0.00136,0.0,0.466677,0.367879
63.0631,0.001331,0.001331,0.0,0.467744,0.367879
63.2633,0.001304,0.001304,0.0,0.468808,0.367879
63.4635,0.001276,0.001276,0.0,0.469871,0.367879
63.6637,0.00125,0.00125,0.0,0.470931,0.367879
63.8639,0.001224,0.001224,0.0,0.471989,0.367879
64.0641,0.001198,0.001198,0.0,0.473045,0.367879
64.2643,0.001174,0.001174,0.0,0.474099,0.367879
64.4645,0.001149,0.001149,0.0,0.475151,0.367879
64.6647,0.001125,0.001125,0.0,0.476201,0.367879
64.8649,0.001102,0.001102,0.0,0.477248,0.367879
65.0651,0.001079,0.001079,0.0,0.478294,0.367879
65.2653,0.001056,0.001056,0.0,0.479337,0.367879
65.4655,0.001034,0.001034,0.0,0.480379,0.367879
65.6657,0.001013,0.001013,0.0,0.481418,0.367879
65.8659,0.000992,0.000992,0.0,0.482455,0.367879
66.0661,0.000971,0.000971,0.0,0.48349,0.367879
66.2663,0.000951,0.000951,0.0,0.484523,0.367879
66.4665,0.000931,0.000931,0.0,0.485554,0.367879
66.6667,0.000912,0.000912,0.0,0.486583,0.367879
66.8669,0.000893,0.000893,0.0,0.48761,0.367879
67.0671,0.000874,0.000874,0.0,0.488634,0.367879
67.2673,0.000856,0.000856,0.0,0.489657,0.367879
67.4675,0.000838,0.000838,0.0,0.490678,0.367879
67.6677,0.000821,0.000821,0.0,0.491697,0.367879
67.8679,0.000804,0.000804,0.0,0.492713,0.367879
68.0681,0.000787,0.000787,0.0,0.493728,0.367879
68.2683,0.000771,0.000771,0.0,0.49474,0.367879
68.4685,0.000755,0.000755,0.0,0.495751,0.367879
68.6687,0.000739,0.000739,0.0,0.496759,0.367879
68.8689,0.000724,0.000724,0.0,0.497766,0.367879
69.0691,0.000709,0.000709,0.0,0.49877,0.367879
69.2693,0.000694,0.000694,0.0,0.499773,0.367879
69.4695,0.000679,0.000679,0.0,0.500773,0.367879
69.6697,0.000665,0.000665,0.0,0.501772,0.367879
69.8699,0.000651,0.000651,0.0,0.502768,0.367879
70.0701,0.000638,0.000638,0.0,0.503763,0.367879
70.2703,0.000625,0.000625,0.0,0.504755,0.367879
70.4705,0.000612,0.000612,0.0,0.505745,0.367879
70.6707,0.000599,0.000599,0.0,0.506734,0.367879
70.8709,0.000586,0.000586,0.0,0.507721,0.367879
71.0711,0.000574,0.000574,0.0,0.508705,0.367879
71.2713,0.000562,0.000562,0.0,0.509688,0.367879
71.4715,0.000551,0.000551,0.0,0.510668,0.367879
71.6717,0.000539,0.000539,0.0,0.511647,0.367879
71.8719,0.000528,0.000528,0.0,0.512624,0.367879
72.0721,0.000517,0.000517,0.0,0.513598,0.367879
72.2723,0.000506,0.000506,0.0,0.514571,0.367879
72.4725,0.000496,0.000496,0.0,0.515542,0.367879
72.6727,0.000485,0.000485,0.0,0.516511,0.367879
72.8729,0.000475,0.000475,0.0,0.517478,0.367879
73.0731,0.000465,0.000465,0.0,0.518443,0.367879
73.2733,0.000456,0.000456,0.0,0.519406,0.367879
73.4735,0.000446,0.000446,0.0,0.520367,0.367879
73.6737,0.000437,0.000437,0.0,0.521327,0.367879
73.8739,0.000428,0.000428,0.0,0.522284,0.367879
74.0741,0.000419,0.000419,0.0,0.523239,0.367879
74.2743,0.00041,0.00041,0.0,0.524193,0.367879
74.4745,0.000402,0.000402,0.0,0.525145,0.367879
74.6747,0.000393,0.000393,0.0,0.526094,0.367879
74.8749,0.000385,0.000385,0.0,0.527042,0.367879
75.0751,0.000377,0.000377,0.0,0.527988,0.367879
75.2753,0.000369,0.000369,0.0,0.528932,0.367879
75.4755,0.000362,0.000362,0.0,0.529874,0.367879
75.6757,0.000354,0.000354,0.0,0.530814,0.367879
75.8759,0.000347,0.000347,0.0,0.531753,0.367879
76.0761,0.00034,0.00034,0.0,0.532689,0.367879
76.2763,0.000332,0.000332,0.0,0.533624,0.367879
76.4765,0.000326,0.000326,0.0,0.534557,0.367879
76.6767,0.000319,0.000319,0.0,0.535487,0.367879
76.8769,0.000312,0.000312,0.0,0.536417,0.367879
77.0771,0.000306,0.000306,0.0,0.537344,0.367879
77.2773,0.000299,0.000299,0.0,0.538269,0.367879
77.4775,0.000293,0.000293,0.0,0.539192,0.367879
77.6777,0.000287,0.000287,0.0,0.540114,0.367879
77.8779,0.000281,0.000281,0.0,0.541034,0.367879
78.0781,0.000275,0.000275,0.0,0.541952,0.367879
78.2783,0.000269,0.000269,0.0,0.542868,0.367879
78.4785,0.000264,0.000264,0.0,0.543782,0.367879
78.6787,0.000258,0.000258,0.0,0.544695,0.367879
78.8789,0.000253,0.000253,0.0,0.545605,0.367879
79.0791,0.000248,0.000248,0.0,0.546514,0.367879
79.2793,0.000243,0.000243,0.0,0.547421,0.367879
79.4795,0.000238,0.000238,0.0,0.548326,0.367879
79.6797,0.000233,0.000233,0.0,0.549229,0.367879
79.8799,0.000228,0.000228,0.0,0.550131,0.367879
80.0801,0.000223,0.000223,0.0,0.551031,0.367879
80.2803,0.000218,0.000218,0.0,0.551929,0.367879
80.4805,0.000214,0.000214,0.0,0.552825,0.367879
80.6807,0.000209,0.000209,0.0,0.553719,0.367879
80.8809,0.000205,0.000205,0.0,0.554612,0.367879
81.0811,0.000201,0.000201,0.0,0.555502,0.367879
81.2813,0.000197,0.000197,0.0,0.556391,0.367879
81.4815,0.000192,0.000192,0.0,0.557279,0.367879
81.6817,0.000188,0.000188,0.0,0.558164,0.367879
81.8819,0.000185,0.000185,0.0,0.559048,0.367879
82.0821,0.000181,0.000181,0.0,0.55993,0.367879
82.2823,0.000177,0.000177,0.0,0.56081,0.367879
82.4825,0.000173,0.000173,0.0,0.561688,0.367879
82.6827,0.00017,0.00017,0.0,0.562565,0.367879
82.8829,0.000166,0.000166,0.0,0.56344,0.367879
83.0831,0.000163,0.000163,0.0,0.564313,0.367879
83.2833,0.000159,0.000159,0.0,0.565184,0.367879
83.4835,0.000156,0.000156,0.0,0.566054,0.367879
83.6837,0.000153,0.000153,0.0,0.566922,0.367879
83.8839,0.00015,0.00015,0.0,0.567788,0.367879
84.0841,0.000146,0.000146,0.0,0.568652,0.367879
84.2843,0.000143,0.000143,0.0,0.569515,0.367879
84.4845,0.00014,0.00014,0.0,0.570376,0.367879
84.6847,0.000138,0.000138,0.0,0.571235,0.367879
84.8849,0.000135,0.000135,0.0,0.572093,0.367879
85.0851,0.000132,0.000132,0.0,0.572949,0.367879
85.2853,0.000129,0.000129,0.0,0.573803,0.367879
85.4855,0.000126,0.000126,0.0,0.574655,0.367879
85.6857,0.000124,0.000124,0.0,0.575506,0.367879
85.8859,0.000121,0.000121,0.0,0.576355,0.367879
86.0861,0.000119,0.000119,0.0,0.577202,0.367879
86.2863,0.000116,0.000116,0.0,0.578048,0.367879
86.4865,0.000114,0.000114,0.0,0.578892,0.367879
86.6867,0.000111,0.000111,0.0,0.579734,0.367879
86.8869,0.000109,0.000109,0.0,0.580574,0.367879
87.0871,0.000107,0.000107,0.0,0.581413,0.367879
87.2873,0.000105,0.000105,0.0,0.58225,0.367879
87.4875,0.000102,0.000102,0.0,0.583086,0.367879
87.6877,0.0001,0.0001,0.0,0.58392,0.367879
87.8879,9.8e-05,9.8e-05,0.0,0.584752,0.367879
88.0881,9.6e-05,9.6e-05,0.0,0.585582,0.367879
88.2883,9.4e-05,9.4e-05,0.0,0.586411,0.367879
88.4885,9.2e-05,9.2e-05,0.0,0.587238,0.367879
88.6887,9e-05,9e-05,0.0,0.588064,0.367879
88.8889,8.8e-05,8.8e-05,0.0,0.588888,0.367879
89.0891,8.7e-05,8.7e-05,0.0,0.58971,0.367879
89.2893,8.5e-05,8.5e-05,0.0,0.590531,0.367879
89.4895,8.3e-05,8.3e-05,0.0,0.591349,0.367879
89.6897,8.1e-05,8.1e-05,0.0,0.592167,0.367879
89.8899,8e-05,8e-05,0.0,0.592982,0.367879
90.0901,7.8e-05,7.8e-05,0.0,0.593796,0.367879
90.2903,7.6e-05,7.6e-05,0.0,0.594609,0.367879
90.4905,7.5e-05,7.5e-05,0.0,0.59542,0.367879
90.6907,7.3e-05,7.3e-05,0.0,0.596229,0.367879
90.8909,7.2e-05,7.2e-05,0.0,0.597036,0.367879
91.0911,7e-05,7e-05,0.0,0.597842,0.367879
91.2913,6.9e-05,6.9e-05,0.0,0.598647,0.367879
91.4915,6.7e-05,6.7e-05,0.0,0.599449,0.367879
91.6917,6.6e-05,6.6e-05,0.0,0.60025,0.367879
91.8919,6.5e-05,6.5e-05,0.0,0.60105,0.367879
92.0921,6.3e-05,6.3e-05,0.0,0.601848,0.367879
92.2923,6.2e-05,6.2e-05,0.0,0.602644,0.367879
92.4925,6.1e-05,6.1e-05,0.0,0.603439,0.367879
92.6927,5.9e-05,5.9e-05,0.0,0.604232,0.367879
92.8929,5.8e-05,5.8e-05,0.0,0.605023,0.367879
93.0931,5.7e-05,5.7e-05,0.0,0.605813,0.367879
93.2933,5.6e-05,5.6e-05,0.0,0.606602,0.367879
93.4935,5.5e-05,5.5e-05,0.0,0.607389,0.367879
93.6937,5.3e-05,5.3e-05,0.0,0.608174,0.367879
93.8939,5.2e-05,5.2e-05,0.0,0.608957,0.367879
94.0941,5.1e-05,5.1e-05,0.0,0.60974,0.367879
94.2943,5e-05,5e-05,0.0,0.61052,0.367879
94.4945,4.9e-05,4.9e-05,0.0,0.611299,0.367879
94.6947,4.8e-05,4.8e-05,0.0,0.612076,0.367879
94.8949,4.7e-05,4.7e-05,0.0,0.612852,0.367879
95.0951,4.6e-05,4.6e-05,0.0,0.613627,0.367879
95.2953,4.5e-05,4.5e-05,0.0,0.614399,0.367879
95.4955,4.4e-05,4.4e-05,0.0,0.615171,0.367879
95.6957,4.3e-05,4.3e-05,0.0,0.61594,0.367879
95.8959,4.2e-05,4.2e-05,0.0,0.616708,0.367879
96.0961,4.1e-05,4.1e-05,0.0,0.617475,0.367879
96.2963,4.1e-05,4.1e-05,0.0,0.61824,0.367879
96.4965,4e-05,4e-05,0.0,0.619003,0.367879
96.6967,3.9e-05,3.9e-05,0.0,0.619765,0.367879
96.8969,3.8e-05,3.8e-05,0.0,0.620526,0.367879
97.0971,3.7e-05,3.7e-05,0.0,0.621285,0.367879
97.2973,3.7e-05,3.7e-05,0.0,0.622042,0.367879
97.4975,3.6e-05,3.6e-05,0.0,0.622798,0.367879
97.6977,3.5e-05,3.5e-05,0.0,0.623553,0.367879
97.8979,3.4e-05,3.4e-05,0.0,0.624306,0.367879
98.0981,3.4e-05,3.4e-05,0.0,0.625057,0.367879
98.2983,3.3e-05,3.3e-05,0.0,0.625807,0.367879
98.4985,3.2e-05,3.2e-05,0.0,0.626555,0.367879
98.6987,3.2e-05,3.2e-05,0.0,0.627302,0.367879
98.8989,3.1e-05,3.1e-05,0.0,0.628047,0.367879
99.0991,3e-05,3e-05,0.0,0.628791,0.367879
99.2993,3e-05,3e-05,0.0,0.629534,0.367879
99.4995,2.9e-05,2.9e-05,0.0,0.630275,0.367879
99.6997,2.8e-05,2.8e-05,0.0,0.631014,0.367879
99.8999,2.8e-05,2.8e-05,0.0,0.631752,0.367879
100.1001,2.7e-05,2.7e-05,0.0,0.632489,0.367879
100.3003,2.7e-05,2.7e-05,0.0,0.633224,0.367879
100.5005,2.6e-05,2.6e-05,0.0,0.633957,0.367879
100.7007,2.6e-05,2.6e-05,0.0,0.634689,0.367879
100.9009,2.5e-05,2.5e-05,0.0,0.63542,0.367879
101.1011,2.5e-05,2.5e-05,0.0,0.636149,0.367879
101.3013,2.4e-05,2.4e-05,0.0,0.636877,0.367879
101.5015,2.4e-05,2.4e-05,0.0,0.637603,0.367879
101.7017,2.3e-05,2.3e-05,0.0,0.638328,0.367879
101.9019,2.3e-05,2.3e-05,0.0,0.639051,0.367879
102.1021,2.2e-05,2.2e-05,0.0,0.639773,0.367879
102.3023,2.2e-05,2.2e-05,0.0,0.640493,0.367879
102.5025,2.1e-05,2.1e-05,0.0,0.641213,0.367879
102.7027,2.1e-05,2.1e-05,0.0,0.64193,0.367879
102.9029,2e-05,2e-05,0.0,0.642646,0.367879
103.1031,2e-05,2e-05,0.0,0.643361,0.367879
103.3033,1.9e-05,1.9e-05,0.0,0.644074,0.367879
103.5035,1.9e-05,1.9e-05,0.0,0.644786,0.367879
103.7037,1.9e-05,1.9e-05,0.0,0.645496,0.367879
103.9039,1.8e-05,1.8e-05,0.0,0.646205,0.367879
104.1041,1.8e-05,1.8e-05,0.0,0.646913,0.367879
104.3043,1.8e-05,1.8e-05,0.0,0.647619,0.367879
104.5045,1.7e-05,1.7e-05,0.0,0.648324,0.367879
104.7047,1.7e-05,1.7e-05,0.0,0.649027,0.367879
104.9049,1.6e-05,1.6e-05,0.0,0.649729,0.367879
105.1051,1.6e-05,1.6e-05,0.0,0.65043,0.367879
105.3053,1.6e-05,1.6e-05,0.0,0.651129,0.367879
105.5055,1.5e-05,1.5e-05,0.0,0.651827,0.367879
105.7057,1.5e-05,1.5e-05,0.0,0.652523,0.367879
105.9059,1.5e-05,1.5e-05,0.0,0.653218,0.367879
106.1061,1.5e-05,1.5e-05,0.0,0.653912,0.367879
106.3063,1.4e-05,1.4e-05,0.0,0.654604,0.367879
106.5065,1.4e-05,1.4e-05,0.0,0.655295,0.367879
106.7067,1.4e-05,1.4e-05,0.0,0.655984,0.367879
106.9069,1.3e-05,1.3e-05,0.0,0.656672,0.367879
107.1071,1.3e-05,1.3e-05,0.0,0.657359,0.367879
107.3073,1.3e-05,1.3e-05,0.0,0.658044,0.367879
107.5075,1.3e-05,1.3e-05,0.0,0.658728,0.367879
107.7077,1.2e-05,1.2e-05,0.0,0.65941,0.367879
107.9079,1.2e-05,1.2e-05,0.0,0.660092,0.367879
108.1081,1.2e-05,1.2e-05,0.0,0.660771,0.367879
108.3083,1.2e-05,1.2e-05,0.0,0.66145,0.367879
108.5085,1.1e-05,1.1e-05,0.0,0.662127,0.367879
108.7087,1.1e-05,1.1e-05,0.0,0.662803,0.367879
108.9089,1.1e-05,1.1e-05,0.0,0.663477,0.367879
109.1091,1.1e-05,1.1e-05,0.0,0.66415,0.367879
109.3093,1e-05,1e-05,0.0,0.664822,0.367879
109.5095,1e-05,1e-05,0.0,0.665492,0.367879
109.7097,1e-05,1e-05,0.0,0.666161,0.367879
109.9099,1e-05,1e-05,0.0,0.666829,0.367879
110.1101,1e-05,1e-05,0.0,0.667495,0.367879
110.3103,9e-06,9e-06,0.0,0.66816,0.367879
110.5105,9e-06,9e-06,0.0,0.668824,0.367879
110.7107,9e-06,9e-06,0.0,0.669486,0.367879
110.9109,9e-06,9e-06,0.0,0.670147,0.367879
111.1111,9e-06,9e-06,0.0,0.670807,0.367879
111.3113,8e-06,8e-06,0.0,0.671465,0.367879
111.5115,8e-06,8e-06,0.0,0.672122,0.367879
111.7117,8e-06,8e-06,0.0,0.672778,0.367879
111.9119,8e-06,8e-06,0.0,0.673433,0.367879
112.1121,8e-06,8e-06,0.0,0.674086,0.367879
112.3123,8e-06,8e-06,0.0,0.674738,0.367879
112.5125,7e-06,7e-06,0.0,0.675388,0.367879
112.7127,7e-06,7e-06,0.0,0.676037,0.367879
112.9129,7e-06,7e-06,0.0,0.676685,0.367879
113.1131,7e-06,7e-06,0.0,0.677332,0.367879
113.3133,7e-06,7e-06,0.0,0.677977,0.367879
113.5135,7e-06,7e-06,0.0,0.678621,0.367879
113.7137,7e-06,7e-06,0.0,0.679264,0.367879
113.9139,6e-06,6e-06,0.0,0.679906,0.367879
114.1141,6e-06,6e-06,0.0,0.680546,0.367879
114.3143,6e-06,6e-06,0.0,0.681185,0.367879
114.5145,6e-06,6e-06,0.0,0.681822,0.367879
114.7147,6e-06,6e-06,0.0,0.682459,0.367879
114.9149,6e-06,6e-06,0.0,0.683094,0.367879
115.1151,6e-06,6e-06,0.0,0.683728,0.367879
115.3153,6e-06,6e-06,0.0,0.68436,0.367879
115.5155,5e-06,5e-06,0.0,0.684991,0.367879
115.7157,5e-06,5e-06,0.0,0.685621,0.367879
115.9159,5e-06,5e-06,0.0,0.68625,0.367879
116.1161,5e-06,5e-06,0.0,0.686878,0.367879
116.3163,5e-06,5e-06,0.0,0.687504,0.367879
116.5165,5e-06,5e-06,0.0,0.688129,0.367879
116.7167,5e-06,5e-06,0.0,0.688753,0.367879
116.9169,5e-06,5e-06,0.0,0.689375,0.367879
117.1171,5e-06,5e-06,0.0,0.689996,0.367879
117.3173,4e-06,4e-06,0.0,0.690616,0.367879
117.5175,4e-06,4e-06,0.0,0.691235,0.367879
117.7177,4e-06,4e-06,0.0,0.691853,0.367879
117.9179,4e-06,4e-06,0.0,0.692469,0.367879
118.1181,4e-06,4e-06,0.0,0.693084,0.367879
118.3183,4e-06,4e-06,0.0,0.693698,0.367879
118.5185,4e-06,4e-06,0.0,0.69431,0.367879
118.7187,4e-06,4e-06,0.0,0.694922,0.367879
118.9189,4e-06,4e-06,0.0,0.695532,0.367879
119.1191,4e-06,4e-06,0.0,0.696141,0.367879
119.3193,4e-06,4e-06,0.0,0.696749,0.367879
119.5195,4e-06,4e-06,0.0,0.697355,0.367879
119.7197,3e-06,3e-06,0.0,0.69796,0.367879
119.9199,3e-06,3e-06,0.0,0.698564,0.367879
120.1201,3e-06,3e-06,0.0,0.699167,0.367879
120.3203,3e-06,3e-06,0.0,0.699769,0.367879
120.5205,3e-06,3e-06,0.0,0.700369,0.367879
120.7207,3e-06,3e-06,0.0,0.700969,0.367879
120.9209,3e-06,3e-06,0.0,0.701567,0.367879
121.1211,3e-06,3e-06,0.0,0.702164,0.367879
121.3213,3e-06,3e-06,0.0,0.702759,0.367879
121.5215,3e-06,3e-06,0.0,0.703354,0.367879
121.7217,3e-06,3e-06,0.0,0.703947,0.367879
121.9219,3e-06,3e-06,0.0,0.704539,0.367879
122.1221,3e-06,3e-06,0.0,0.70513,0.367879
122.3223,3e-06,3e-06,0.0,0.70572,0.367879
122.5225,3e-06,3e-06,0.0,0.706308,0.367879
122.7227,3e-06,3e-06,0.0,0.706896,0.367879
122.9229,2e-06,2e-06,0.0,0.707482,0.367879
123.1231,2e-06,2e-06,0.0,0.708067,0.367879
123.3233,2e-06,2e-06,0.0,0.708651,0.367879
123.5235,2e-06,2e-06,0.0,0.709234,0.367879
123.7237,2e-06,2e-06,0.0,0.709815,0.367879
123.9239,2e-06,2e-06,0.0,0.710396,0.367879
124.1241,2e-06,2e-06,0.0,0.710975,0.367879
124.3243,2e-06,2e-06,0.0,0.711553,0.367879
124.5245,2e-06,2e-06,0.0,0.71213,0.367879
124.7247,2e-06,2e-06,0.0,0.712705,0.367879
124.9249,2e-06,2e-06,0.0,0.71328,0.367879
125.1251,2e-06,2e-06,0.0,0.713853,0.367879
125.3253,2e-06,2e-06,0.0,0.714426,0.367879
125.5255,2e-06,2e-06,0.0,0.714997,0.367879
125.7257,2e-06,2e-06,0.0,0.715567,0.367879
125.9259,2e-06,2e-06,0.0,0.716136,0.367879
126.1261,2e-06,2e-06,0.0,0.716704,0.367879
126.3263,2e-06,2e-06,0.0,0.71727,0.367879
126.5265,2e-06,2e-06,0.0,0.717836,0.367879
126.7267,2e-06,2e-06,0.0,0.7184,0.367879
126.9269,2e-06,2e-06,0.0,0.718963,0.367879
127.1271,2e-06,2e-06,0.0,0.719525,0.367879
127.3273,2e-06,2e-06,0.0,0.720086,0.367879
127.5275,2e-06,2e-06,0.0,0.720646,0.367879
127.7277,1e-06,1e-06,0.0,0.721205,0.367879
127.9279,1e-06,1e-06,0.0,0.721762,0.367879
128.1281,1e-06,1e-06,0.0,0.722319,0.367879
128.3283,1e-06,1e-06,0.0,0.722874,0.367879
128.5285,1e-06,1e-06,0.0,0.723428,0.367879
128.7287,1e-06,1e-06,0.0,0.723981,0.367879
128.9289,1e-06,1e-06,0.0,0.724534,0.367879
129.1291,1e-06,1e-06,0.0,0.725084,0.367879
129.3293,1e-06,1e-06,0.0,0.725634,0.367879
129.5295,1e-06,1e-06,0.0,0.726183,0.367879
129.7297,1e-06,1e-06,0.0,0.726731,0.367879
129.9299,1e-06,1e-06,0.0,0.727277,0.367879
130.1301,1e-06,1e-06,0.0,0.727823,0.367879
130.3303,1e-06,1e-06,0.0,0.728367,0.367879
130.5305,1e-06,1e-06,0.0,0.72891,0.367879
130.7307,1e-06,1e-06,0.0,0.729452,0.367879
130.9309,1e-06,1e-06,0.0,0.729994,0.367879
131.1311,1e-06,1e-06,0.0,0.730534,0.367879
131.3313,1e-06,1e-06,0.0,0.731072,0.367879
131.5315,1e-06,1e-06,0.0,0.73161,0.367879
131.7317,1e-06,1e-06,0.0,0.732147,0.367879
131.9319,1e-06,1e-06,0.0,0.732683,0.367879
132.1321,1e-06,1e-06,0.0,0.733217,0.367879
132.3323,1e-06,1e-06,0.0,0.733751,0.367879
132.5325,1e-06,1e-06,0.0,0.734283,0.367879
132.7327,1e-06,1e-06,0.0,0.734815,0.367879
132.9329,1e-06,1e-06,0.0,0.735345,0.367879
133.1331,1e-06,1e-06,0.0,0.735875,0.367879
133.3333,1e-06,1e-06,0.0,0.736403,0.367879
133.5335,1e-06,1e-06,0.0,0.73693,0.367879
133.7337,1e-06,1e-06,0.0,0.737456,0.367879
133.9339,1e-06,1e-06,0.0,0.737981,0.367879
134.1341,1e-06,1e-06,0.0,0.738505,0.367879
134.3343,1e-06,1e-06,0.0,0.739028,0.367879
134.5345,1e-06,1e-06,0.0,0.73955,0.367879
134.7347,1e-06,1e-06,0.0,0.740071,0.367879
134.9349,1e-06,1e-06,0.0,0.740591,0.367879
135.1351,1e-06,1e-06,0.0,0.74111,0.367879
135.3353,1e-06,1e-06,0.0,0.741628,0.367879
135.5355,1e-06,1e-06,0.0,0.742144,0.367879
135.7357,1e-06,1e-06,0.0,0.74266,0.367879
135.9359,1e-06,1e-06,0.0,0.743175,0.367879
136.1361,1e-06,1e-06,0.0,0.743688,0.367879
136.3363,1e-06,1e-06,0.0,0.744201,0.367879
136.5365,1e-06,1e-06,0.0,0.744713,0.367879
136.7367,1e-06,1e-06,0.0,0.745223,0.367879
136.9369,1e-06,1e-06,0.0,0.745733,0.367879
137.1371,1e-06,1e-06,0.0,0.746241,0.367879
137.3373,1e-06,1e-06,0.0,0.746749,0.367879
137.5375,1e-06,1e-06,0.0,0.747255,0.367879
137.7377,1e-06,1e-06,0.0,0.747761,0.367879
137.9379,1e-06,1e-06,0.0,0.748265,0.367879
138.1381,1e-06,1e-06,0.0,0.748769,0.367879
138.3383,0.0,0.0,0.0,0.749271,0.367879
138.5385,0.0,0.0,0.0,0.749773,0.367879
138.7387,0.0,0.0,0.0,0.750273,0.367879
138.9389,0.0,0.0,0.0,0.750773,0.367879
139.1391,0.0,0.0,0.0,0.751271,0.367879
139.3393,0.0,0.0,0.0,0.751768,0.367879
139.5395,0.0,0.0,0.0,0.752265,0.367879
139.7397,0.0,0.0,0.0,0.75276,0.367879
139.9399,0.0,0.0,0.0,0.753255,0.367879
140.1401,0.0,0.0,0.0,0.753748,0.367879
140.3403,0.0,0.0,0.0,0.754241,0.367879
140.5405,0.0,0.0,0.0,0.754732,0.367879
140.7407,0.0,0.0,0.0,0.755223,0.367879
140.9409,0.0,0.0,0.0,0.755712,0.367879
141.1411,0.0,0.0,0.0,0.756201,0.367879
141.3413,0.0,0.0,0.0,0.756689,0.367879
141.5415,0.0,0.0,0.0,0.757175,0.367879
141.7417,0.0,0.0,0.0,0.757661,0.367879
141.9419,0.0,0.0,0.0,0.758146,0.367879
142.1421,0.0,0.0,0.0,0.758629,0.367879
142.3423,0.0,0.0,0.0,0.759112,0.367879
142.5425,0.0,0.0,0.0,0.759594,0.367879
142.7427,0.0,0.0,0.0,0.760075,0.367879
142.9429,0.0,0.0,0.0,0.760554,0.367879
143.1431,0.0,0.0,0.0,0.761033,0.367879
143.3433,0.0,0.0,0.0,0.761511,0.367879
143.5435,0.0,0.0,0.0,0.761988,0.367879
143.7437,0.0,0.0,0.0,0.762464,0.367879
143.9439,0.0,0.0,0.0,0.762939,0.367879
144.1441,0.0,0.0,0.0,0.763414,0.367879
144.3443,0.0,0.0,0.0,0.763887,0.367879
144.5445,0.0,0.0,0.0,0.764359,0.367879
144.7447,0.0,0.0,0.0,0.76483,0.367879
144.9449,0.0,0.0,0.0,0.765301,0.367879
145.1451,0.0,0.0,0.0,0.76577,0.367879
145.3453,0.0,0.0,0.0,0.766238,0.367879
145.5455,0.0,0.0,0.0,0.766706,0.367879
145.7457,0.0,0.0,0.0,0.767173,0.367879
145.9459,0.0,0.0,0.0,0.767638,0.367879
146.1461,0.0,0.0,0.0,0.768103,0.367879
146.3463,0.0,0.0,0.0,0.768567,0.367879
146.5465,0.0,0.0,0.0,0.76903,0.367879
146.7467,0.0,0.0,0.0,0.769491,0.367879
146.9469,0.0,0.0,0.0,0.769952,0.367879
147.1471,0.0,0.0,0.0,0.770413,0.367879
147.3473,0.0,0.0,0.0,0.770872,0.367879
147.5475,0.0,0.0,0.0,0.77133,0.367879
147.7477,0.0,0.0,0.0,0.771787,0.367879
147.9479,0.0,0.0,0.0,0.772244,0.367879
148.1481,0.0,0.0,0.0,0.772699,0.367879
148.3483,0.0,0.0,0.0,0.773154,0.367879
148.5485,0.0,0.0,0.0,0.773608,0.367879
148.7487,0.0,0.0,0.0,0.77406,0.367879
148.9489,0.0,0.0,0.0,0.774512,0.367879
149.1491,0.0,0.0,0.0,0.774963,0.367879
149.3493,0.0,0.0,0.0,0.775413,0.367879
149.5495,0.0,0.0,0.0,0.775862,0.367879
149.7497,0.0,0.0,0.0,0.776311,0.367879
149.9499,0.0,0.0,0.0,0.776758,0.367879
150.1502,0.0,0.0,0.0,0.777205,0.367879
150.3504,0.0,0.0,0.0,0.77765,0.367879
150.5506,0.0,0.0,0.0,0.778095,0.367879
150.7508,0.0,0.0,0.0,0.778539,0.367879
150.951,0.0,0.0,0.0,0.778982,0.367879
151.1512,0.0,0.0,0.0,0.779424,0.367879
151.3514,0.0,0.0,0.0,0.779865,0.367879
151.5516,0.0,0.0,0.0,0.780305,0.367879
151.7518,0.0,0.0,0.0,0.780744,0.367879
151.952,0.0,0.0,0.0,0.781183,0.367879
152.1522,0.0,0.0,0.0,0.781621,0.367879
152.3524,0.0,0.0,0.0,0.782057,0.367879
152.5526,0.0,0.0,0.0,0.782493,0.367879
152.7528,0.0,0.0,0.0,0.782928,0.367879
152.953,0.0,0.0,0.0,0.783362,0.367879
153.1532,0.0,0.0,0.0,0.783796,0.367879
153.3534,0.0,0.0,0.0,0.784228,0.367879
153.5536,0.0,0.0,0.0,0.78466,0.367879
153.7538,0.0,0.0,0.0,0.78509,0.367879
153.954,0.0,0.0,0.0,0.78552,0.367879
154.1542,0.0,0.0,0.0,0.785949,0.367879
154.3544,0.0,0.0,0.0,0.786377,0.367879
154.5546,0.0,0.0,0.0,0.786804,0.367879
154.7548,0.0,0.0,0.0,0.787231,0.367879
154.955,0.0,0.0,0.0,0.787656,0.367879
155.1552,0.0,0.0,0.0,0.788081,0.367879
155.3554,0.0,0.0,0.0,0.788505,0.367879
155.5556,0.0,0.0,0.0,0.788928,0.367879
155.7558,0.0,0.0,0.0,0.78935,0.367879
155.956,0.0,0.0,0.0,0.789771,0.367879
156.1562,0.0,0.0,0.0,0.790192,0.367879
156.3564,0.0,0.0,0.0,0.790611,0.367879
156.5566,0.0,0.0,0.0,0.79103,0.367879
156.7568,0.0,0.0,0.0,0.791448,0.367879
156.957,0.0,0.0,0.0,0.791865,0.367879
157.1572,0.0,0.0,0.0,0.792282,0.367879
157.3574,0.0,0.0,0.0,0.792697,0.367879
157.5576,0.0,0.0,0.0,0.793112,0.367879
157.7578,0.0,0.0,0.0,0.793525,0.367879
157.958,0.0,0.0,0.0,0.793938,0.367879
158.1582,0.0,0.0,0.0,0.79435,0.367879
158.3584,0.0,0.0,0.0,0.794762,0.367879
158.5586,0.0,0.0,0.0,0.795172,0.367879
158.7588,0.0,0.0,0.0,0.795582,0.367879
158.959,0.0,0.0,0.0,0.795991,0.367879
159.1592,0.0,0.0,0.0,0.796399,0.367879
159.3594,0.0,0.0,0.0,0.796806,0.367879
159.5596,0.0,0.0,0.0,0.797212,0.367879
159.7598,0.0,0.0,0.0,0.797618,0.367879
159.96,0.0,0.0,0.0,0.798023,0.367879
160.1602,0.0,0.0,0.0,0.798427,0.367879
160.3604,0.0,0.0,0.0,0.79883,0.367879
160.5606,0.0,0.0,0.0,0.799232,0.367879
160.7608,0.0,0.0,0.0,0.799634,0.367879
160.961,0.0,0.0,0.0,0.800034,0.367879
161.1612,0.0,0.0,0.0,0.800434,0.367879
161.3614,0.0,0.0,0.0,0.800833,0.367879
161.5616,0.0,0.0,0.0,0.801232,0.367879
161.7618,0.0,0.0,0.0,0.801629,0.367879
161.962,0.0,0.0,0.0,0.802026,0.367879
162.1622,0.0,0.0,0.0,0.802422,0.367879
162.3624,0.0,0.0,0.0,0.802817,0.367879
162.5626,0.0,0.0,0.0,0.803211,0.367879
162.7628,0.0,0.0,0.0,0.803605,0.367879
162.963,0.0,0.0,0.0,0.803998,0.367879
163.1632,0.0,0.0,0.0,0.80439,0.367879
163.3634,0.0,0.0,0.0,0.804781,0.367879
163.5636,0.0,0.0,0.0,0.805172,0.367879
163.7638,0.0,0.0,0.0,0.805561,0.367879
163.964,0.0,0.0,0.0,0.80595,0.367879
164.1642,0.0,0.0,0.0,0.806338,0.367879
164.3644,0.0,0.0,0.0,0.806725,0.367879
164.5646,0.0,0.0,0.0,0.807112,0.367879
164.7648,0.0,0.0,0.0,0.807498,0.367879
164.965,0.0,0.0,0.0,0.807883,0.367879
165.1652,0.0,0.0,0.0,0.808267,0.367879
165.3654,0.0,0.0,0.0,0.80865,0.367879
165.5656,0.0,0.0,0.0,0.809033,0.367879
165.7658,0.0,0.0,0.0,0.809415,0.367879
165.966,0.0,0.0,0.0,0.809796,0.367879
166.1662,0.0,0.0,0.0,0.810177,0.367879
166.3664,0.0,0.0,0.0,0.810556,0.367879
166.5666,0.0,0.0,0.0,0.810935,0.367879
166.7668,0.0,0.0,0.0,0.811313,0.367879
166.967,0.0,0.0,0.0,0.811691,0.367879
167.1672,0.0,0.0,0.0,0.812067,0.367879
167.3674,0.0,0.0,0.0,0.812443,0.367879
167.5676,0.0,0.0,0.0,0.812818,0.367879
167.7678,0.0,0.0,0.0,0.813193,0.367879
167.968,0.0,0.0,0.0,0.813566,0.367879
168.1682,0.0,0.0,0.0,0.813939,0.367879
168.3684,0.0,0.0,0.0,0.814311,0.367879
168.5686,0.0,0.0,0.0,0.814683,0.367879
168.7688,0.0,0.0,0.0,0.815053,0.367879
168.969,0.0,0.0,0.0,0.815423,0.367879
169.1692,0.0,0.0,0.0,0.815792,0.367879
169.3694,0.0,0.0,0.0,0.816161,0.367879
169.5696,0.0,0.0,0.0,0.816528,0.367879
169.7698,0.0,-0.0,0.0,0.816895,0.367879
169.97,0.0,-0.0,0.0,0.817262,0.367879
170.1702,0.0,-0.0,0.0,0.817627,0.367879
170.3704,0.0,-0.0,0.0,0.817992,0.367879
170.5706,0.0,-0.0,0.0,0.818356,0.367879
170.7708,0.0,-0.0,0.0,0.818719,0.367879
170.971,0.0,-0.0,0.0,0.819082,0.367879
171.1712,0.0,-0.0,0.0,0.819444,0.367879
171.3714,0.0,-0.0,0.0,0.819805,0.367879
171.5716,0.0,-0.0,0.0,0.820165,0.367879
171.7718,0.0,-0.0,0.0,0.820525,0.367879
171.972,0.0,-0.0,0.0,0.820884,0.367879
172.1722,0.0,-0.0,0.0,0.821242,0.367879
172.3724,0.0,-0.0,0.0,0.821599,0.367879
172.5726,0.0,-0.0,0.0,0.821956,0.367879
172.7728,0.0,-0.0,0.0,0.822312,0.367879
172.973,0.0,-0.0,0.0,0.822668,0.367879
173.1732,0.0,-0.0,0.0,0.823022,0.367879
173.3734,0.0,-0.0,0.0,0.823376,0.367879
173.5736,0.0,-0.0,0.0,0.82373,0.367879
173.7738,0.0,-0.0,0.0,0.824082,0.367879
173.974,0.0,-0.0,0.0,0.824434,0.367879
174.1742,0.0,-0.0,0.0,0.824785,0.367879
174.3744,0.0,-0.0,0.0,0.825135,0.367879
174.5746,0.0,-0.0,0.0,0.825485,0.367879
174.7748,0.0,-0.0,0.0,0.825834,0.367879
174.975,0.0,-0.0,0.0,0.826183,0.367879
175.1752,0.0,-0.0,0.0,0.82653,0.367879
175.3754,0.0,-0.0,0.0,0.826877,0.367879
175.5756,0.0,-0.0,0.0,0.827223,0.367879
175.7758,0.0,-0.0,0.0,0.827569,0.367879
175.976,0.0,-0.0,0.0,0.827914,0.367879
176.1762,0.0,-0.0,0.0,0.828258,0.367879
176.3764,0.0,-0.0,0.0,0.828601,0.367879
176.5766,0.0,-0.0,0.0,0.828944,0.367879
176.7768,0.0,-0.0,0.0,0.829286,0.367879
176.977,0.0,-0.0,0.0,0.829628,0.367879
177.1772,0.0,-0.0,0.0,0.829969,0.367879
177.3774,0.0,-0.0,0.0,0.830309,0.367879
177.5776,0.0,-0.0,0.0,0.830648,0.367879
177.7778,0.0,-0.0,0.0,0.830987,0.367879
177.978,0.0,-0.0,0.0,0.831325,0.367879
178.1782,0.0,-0.0,0.0,0.831662,0.367879
178.3784,0.0,-0.0,0.0,0.831999,0.367879
178.5786,0.0,-0.0,0.0,0.832335,0.367879
178.7788,0.0,-0.0,0.0,0.83267,0.367879
178.979,0.0,0.0,0.0,0.833005,0.367879
179.1792,0.0,0.0,0.0,0.833339,0.367879
179.3794,0.0,0.0,0.0,0.833672,0.367879
179.5796,0.0,0.0,0.0,0.834005,0.367879
179.7798,0.0,0.0,0.0,0.834337,0.367879
179.98,0.0,0.0,0.0,0.834668,0.367879
180.1802,0.0,0.0,0.0,0.834999,0.367879
180.3804,0.0,0.0,0.0,0.835329,0.367879
180.5806,0.0,0.0,0.0,0.835658,0.367879
180.7808,0.0,0.0,0.0,0.835987,0.367879
180.981,0.0,0.0,0.0,0.836315,0.367879
181.1812,0.0,0.0,0.0,0.836642,0.367879
181.3814,0.0,0.0,0.0,0.836969,0.367879
181.5816,0.0,0.0,0.0,0.837295,0.367879
181.7818,0.0,0.0,0.0,0.83762,0.367879
181.982,0.0,0.0,0.0,0.837945,0.367879
182.1822,0.0,0.0,0.0,0.838269,0.367879
182.3824,0.0,0.0,0.0,0.838593,0.367879
182.5826,0.0,0.0,0.0,0.838915,0.367879
182.7828,0.0,0.0,0.0,0.839238,0.367879
182.983,0.0,0.0,0.0,0.839559,0.367879
183.1832,0.0,0.0,0.0,0.83988,0.367879
183.3834,0.0,0.0,0.0,0.8402,0.367879
183.5836,0.0,0.0,0.0,0.84052,0.367879
183.7838,0.0,0.0,0.0,0.840839,0.367879
183.984,0.0,0.0,0.0,0.841157,0.367879
184.1842,0.0,0.0,0.0,0.841475,0.367879
184.3844,0.0,0.0,0.0,0.841792,0.367879
184.5846,0.0,0.0,0.0,0.842108,0.367879
184.7848,0.0,0.0,0.0,0.842424,0.367879
184.985,0.0,0.0,0.0,0.842739,0.367879
185.1852,0.0,0.0,0.0,0.843054,0.367879
185.3854,0.0,0.0,0.0,0.843368,0.367879
185.5856,0.0,0.0,0.0,0.843681,0.367879
185.7858,0.0,0.0,0.0,0.843994,0.367879
185.986,0.0,0.0,0.0,0.844306,0.367879
186.1862,0.0,0.0,0.0,0.844617,0.367879
186.3864,0.0,0.0,0.0,0.844928,0.367879
186.5866,0.0,0.0,0.0,0.845238,0.367879
186.7868,0.0,0.0,0.0,0.845547,0.367879
186.987,0.0,0.0,0.0,0.845856,0.367879
187.1872,0.0,0.0,0.0,0.846165,0.367879
187.3874,0.0,0.0,0.0,0.846472,0.367879
187.5876,0.0,0.0,0.0,0.846779,0.367879
187.7878,0.0,0.0,0.0,0.847086,0.367879
187.988,0.0,0.0,0.0,0.847392,0.367879
188.1882,0.0,0.0,0.0,0.847697,0.367879
188.3884,0.0,0.0,0.0,0.848001,0.367879
188.5886,0.0,0.0,0.0,0.848305,0.367879
188.7888,0.0,0.0,0.0,0.848609,0.367879
188.989,0.0,0.0,0.0,0.848912,0.367879
189.1892,0.0,0.0,0.0,0.849214,0.367879
189.3894,0.0,-0.0,0.0,0.849515,0.367879
189.5896,0.0,-0.0,0.0,0.849816,0.367879
189.7898,0.0,-0.0,0.0,0.850117,0.367879
189.99,0.0,-0.0,0.0,0.850416,0.367879
190.1902,0.0,-0.0,0.0,0.850716,0.367879
190.3904,0.0,-0.0,0.0,0.851014,0.367879
190.5906,0.0,-0.0,0.0,0.851312,0.367879
190.7908,0.0,-0.0,0.0,0.851609,0.367879
190.991,0.0,-0.0,0.0,0.851906,0.367879
191.1912,0.0,-0.0,0.0,0.852202,0.367879
191.3914,0.0,-0.0,0.0,0.852498,0.367879
191.5916,0.0,-0.0,0.0,0.852793,0.367879
191.7918,0.0,-0.0,0.0,0.853087,0.367879
191.992,0.0,-0.0,0.0,0.853381,0.367879
192.1922,0.0,-0.0,0.0,0.853675,0.367879
192.3924,0.0,-0.0,0.0,0.853967,0.367879
192.5926,0.0,-0.0,0.0,0.854259,0.367879
192.7928,0.0,-0.0,0.0,0.854551,0.367879
192.993,0.0,-0.0,0.0,0.854842,0.367879
193.1932,0.0,-0.0,0.0,0.855132,0.367879
193.3934,0.0,-0.0,0.0,0.855422,0.367879
193.5936,0.0,-0.0,0.0,0.855711,0.367879
193.7938,0.0,-0.0,0.0,0.855999,0.367879
193.994,0.0,-0.0,0.0,0.856287,0.367879
194.1942,0.0,-0.0,0.0,0.856575,0.367879
194.3944,0.0,-0.0,0.0,0.856862,0.367879
194.5946,0.0,-0.0,0.0,0.857148,0.367879
194.7948,0.0,-0.0,0.0,0.857434,0.367879
194.995,0.0,-0.0,0.0,0.857719,0.367879
195.1952,0.0,-0.0,0.0,0.858003,0.367879
195.3954,0.0,-0.0,0.0,0.858287,0.367879
195.5956,0.0,-0.0,0.0,0.858571,0.367879
195.7958,0.0,-0.0,0.0,0.858854,0.367879
195.996,0.0,-0.0,0.0,0.859136,0.367879
196.1962,0.0,-0.0,0.0,0.859418,0.367879
196.3964,0.0,-0.0,0.0,0.859699,0.367879
196.5966,0.0,-0.0,0.0,0.859979,0.367879
196.7968,0.0,-0.0,0.0,0.860259,0.367879
196.997,0.0,-0.0,0.0,0.860539,0.367879
197.1972,0.0,-0.0,0.0,0.860818,0.367879
197.3974,0.0,-0.0,0.0,0.861096,0.367879
197.5976,0.0,-0.0,0.0,0.861374,0.367879
197.7978,0.0,-0.0,0.0,0.861651,0.367879
197.998,0.0,-0.0,0.0,0.861928,0.367879
198.1982,0.0,-0.0,0.0,0.862204,0.367879
198.3984,0.0,-0.0,0.0,0.86248,0.367879
198.5986,0.0,-0.0,0.0,0.862755,0.367879
198.7988,0.0,-0.0,0.0,0.863029,0.367879
198.999,0.0,-0.0,0.0,0.863303,0.367879
199.1992,0.0,-0.0,0.0,0.863577,0.367879
199.3994,0.0,-0.0,0.0,0.863849,0.367879
199.5996,0.0,0.0,0.0,0.864122,0.367879
199.7998,0.0,0.0,0.0,0.864394,0.367879
200.0,0.0,0.0,0.0,0.864665,0.367879
